,importance
Temperature (C ),0.4064660063203141
Ash,0.21207298437269856
Carbon,0.06270809813757097
FC,0.045273546264965145
Heating Rate (C/min),0.03611836195180647
Residence Time (min),0.03043378557540694
Particle Size (mm),0.028999923024506196
VM,0.027521426951248873
Nitrogen,0.027123886512278126
Hydrogen,0.026927995762186435
Oxygen,0.026756682683561142
Moisture (%),0.0216179713105646
Feed Stock Type,0.018259669183003206
Raw Material Supply (g),0.017802470295749977
Gas Flow Rate (L/min),0.011917191654139268
